state,cuisine_norm,count
ACT,baked_potato,1
ACT,bhutan,1
ACT,burgers,8
ACT,cafe,2
ACT,chicken,1
ACT,chinese,47
ACT,ethiopian,1
ACT,filipino,2
ACT,fine_dining,2
ACT,french,1
ACT,greek,2
ACT,indian,32
ACT,indonesian,4
ACT,international,5
ACT,italian,32
ACT,japanese,31
ACT,korean,7
ACT,lao,1
ACT,latin_american,1
ACT,lebanese,3
ACT,malaysian,5
ACT,mexican,1
ACT,nepalese,2
ACT,noodle,9
ACT,polish,1
ACT,regional,3
ACT,seafood,1
ACT,steak,1
ACT,thai,23
ACT,turkish,7
ACT,vietnamese,12
NSW,american,19
NSW,arab,1
NSW,argentinian,1
NSW,asian_fusion,1
NSW,australian,20
NSW,austrian,3
NSW,bakery,6
NSW,bar_and_grill,1
NSW,bbq,15
NSW,brasserie,1
NSW,brazilian,4
NSW,breakfast,9
NSW,burgers,55
NSW,burmese,1
NSW,cafe,14
NSW,cake,1
NSW,chicken,36
NSW,chinese,498
NSW,chocolate,1
NSW,colombian,1
NSW,contemporary,1
NSW,crepe,1
NSW,croatian,1
NSW,dessert,2
NSW,diner,1
NSW,dumplings,2
NSW,eastern_european,1
NSW,egyptian,1
NSW,ethiopian,2
NSW,european,1
NSW,european_bistro,1
NSW,fast_food,2
NSW,filipino,5
NSW,fine_dining,1
NSW,fish,9
NSW,fish_and_chips,13
NSW,french,25
NSW,fusion,1
NSW,german,9
NSW,greek,39
NSW,grill,2
NSW,hawaiian,2
NSW,healthy,1
NSW,hong_kong,1
NSW,hongkong,1
NSW,hotpot,1
NSW,hungarian,2
NSW,hyderabadi,1
NSW,ice_cream,2
NSW,indian,203
NSW,indonesian,10
NSW,international,14
NSW,iraqi,1
NSW,italian,453
NSW,italian_pizza,2
NSW,japanese,360
NSW,kebab,7
NSW,korean,63
NSW,korean_bbq,1
NSW,koreanbbq,1
NSW,latin_american,1
NSW,lebanese,34
NSW,local,1
NSW,malaysian,30
NSW,matcha,1
NSW,mediterranean,13
NSW,mexican,63
NSW,middle_eastern,10
NSW,mixed_(indian),1
NSW,modern australian,1
NSW,modern_greek,1
NSW,nepalese,7
NSW,nepali,1
NSW,noode,1
NSW,noodle,30
NSW,noodles,1
NSW,organic,1
NSW,oriental,1
NSW,pakistani,2
NSW,pancake,1
NSW,pasta,2
NSW,persian,5
NSW,peruvian,5
NSW,polish,1
NSW,portuguese,7
NSW,pub,9
NSW,ramen,16
NSW,regional,15
NSW,sandwich,2
NSW,seafood,49
NSW,sichuan,1
NSW,singaporean,1
NSW,spanish,14
NSW,srilnaknan,1
NSW,steak,31
NSW,steakhouse,1
NSW,swedish,1
NSW,taiwanese,10
NSW,thai,359
NSW,tibetan,1
NSW,turkish,15
NSW,unique_asian_fusion_cuisine,1
NSW,uyghur,1
NSW,vagan,1
NSW,vietnamese,129
NSW,viking,1
NSW,western,1
NSW,wings,1
NSW,yogurt,1
NT,american,1
NT,arab,1
NT,cafe,2
NT,chicken,1
NT,chinese,7
NT,indian,3
NT,italian,4
NT,japanese,1
NT,kebab,1
NT,korean,1
NT,regional,2
NT,seafood,1
NT,sri_lankan,2
NT,steak,2
NT,thai,3
NT,vietnamese,1
QLD,afghan,2
QLD,american,14
QLD,arab,3
QLD,australian,5
QLD,bakery,1
QLD,balinese,1
QLD,bar,1
QLD,bbq,8
QLD,bistro,2
QLD,brazilian,2
QLD,breakfast,7
QLD,bubble_tea,2
QLD,burgers,17
QLD,cafe,13
QLD,chicken,24
QLD,chinese,229
QLD,coffee,1
QLD,colombian,1
QLD,dessert,3
QLD,diner,1
QLD,dumpling,1
QLD,dumplings,1
QLD,ethiopian,1
QLD,fast_food,1
QLD,filipino,2
QLD,fine_dining,2
QLD,fish_and_chips,12
QLD,french,8
QLD,german,4
QLD,greek,15
QLD,grill,3
QLD,homestyle,1
QLD,hot_dog,1
QLD,ice_cream,1
QLD,indian,151
QLD,indonesian,2
QLD,international,3
QLD,italian,209
QLD,italian_pizza,3
QLD,japanese,221
QLD,kebab,4
QLD,korean,32
QLD,latin_american,3
QLD,lebanese,2
QLD,malaysian,6
QLD,mediterranean,1
QLD,mexican,49
QLD,middle_eastern,4
QLD,modern australian,2
QLD,modern_european,1
QLD,nepalese,2
QLD,noodle,16
QLD,pakistani,1
QLD,pancake,1
QLD,pasta,3
QLD,patissery,1
QLD,persian,2
QLD,polish,1
QLD,pub,2
QLD,ramen,6
QLD,regional,17
QLD,salad,1
QLD,sandwich,2
QLD,seafood,32
QLD,spanish,5
QLD,steak,32
QLD,thai,152
QLD,turkish,9
QLD,vietnamese,55
QLD,waffle,1
SA,afghan,1
SA,african,1
SA,algerian,1
SA,american,1
SA,argentinian,2
SA,australian,1
SA,bakery,1
SA,bbq,2
SA,brazilian,1
SA,burgers,11
SA,cafe,3
SA,cake,1
SA,chicken,7
SA,chinese,86
SA,curry,1
SA,filipino,1
SA,fine_dining,1
SA,fish,2
SA,fish_and_chips,5
SA,french,4
SA,german,1
SA,greek,10
SA,grill,1
SA,heuriger,1
SA,indian,63
SA,indonesian,2
SA,international,4
SA,italian,108
SA,italian_pizza,5
SA,japanese,44
SA,jewish,1
SA,korean,13
SA,lebanese,3
SA,local,1
SA,malaysian,4
SA,malta,1
SA,meals,1
SA,mexican,12
SA,mongolian,1
SA,nepalese,3
SA,noodle,6
SA,pakistani,1
SA,pancake,2
SA,pasta,2
SA,ramen,2
SA,regional,8
SA,sandwich,2
SA,seafood,8
SA,serbian,1
SA,spanish,2
SA,steak,10
SA,taiwanese,1
SA,thai,41
SA,turkish,1
SA,vietnamese,45
SA,xi’an,1
TAS,american,1
TAS,bistro,2
TAS,burgers,4
TAS,cake,1
TAS,chicken,5
TAS,chinese,53
TAS,chocolate,1
TAS,fish,5
TAS,fish_and_chips,5
TAS,french,2
TAS,greek,3
TAS,indian,24
TAS,italian,25
TAS,japanese,22
TAS,korean,3
TAS,local,2
TAS,malaysian,2
TAS,meat_grill,1
TAS,mediterranean,1
TAS,mexican,2
TAS,middle_eastern,1
TAS,nepalese,1
TAS,noodle,1
TAS,other,1
TAS,ramen,1
TAS,regional,3
TAS,seafood,9
TAS,seasonal,1
TAS,seasonal_modern,1
TAS,steak,4
TAS,terrible,2
TAS,thai,9
TAS,vietnamese,7
VIC,afghan,3
VIC,african,6
VIC,american,18
VIC,arab,1
VIC,argentinian,2
VIC,australian,12
VIC,bagel,2
VIC,baked_potato,8
VIC,bakery,1
VIC,balinese,1
VIC,bbq,15
VIC,bistro,1
VIC,brazilian,3
VIC,breakfast,2
VIC,brunch,1
VIC,burgers,36
VIC,cafe,10
VIC,cajun,1
VIC,cake,1
VIC,cantonese,2
VIC,cheese,1
VIC,chicken,58
VIC,chicken_and_chips_etc,1
VIC,chinese,423
VIC,contemporary,1
VIC,crepe,2
VIC,croatian,1
VIC,curry,1
VIC,dessert,3
VIC,diner,2
VIC,dumplings,4
VIC,egyptian,1
VIC,ethiopian,3
VIC,ethopian,1
VIC,european,2
VIC,falafel,2
VIC,filipino,4
VIC,fine_dining,2
VIC,fish,7
VIC,fish_and_chips,24
VIC,french,19
VIC,fusion,1
VIC,gelato,1
VIC,greek,47
VIC,hot_pot,1
VIC,ice_cream,2
VIC,indian,220
VIC,indigenous,1
VIC,indonesian,19
VIC,international,10
VIC,israeli,1
VIC,italian,459
VIC,italian_pizza,6
VIC,japanese,279
VIC,kebab,8
VIC,korean,64
VIC,lao,1
VIC,latin_american,2
VIC,lebanese,13
VIC,local,5
VIC,malay,1
VIC,malaysian,41
VIC,mauritian,1
VIC,meat,1
VIC,mediterranean,12
VIC,mexican,62
VIC,middle_eastern,10
VIC,modern australian,1
VIC,nepalese,8
VIC,noodle,35
VIC,noodles,1
VIC,pakistani,6
VIC,pancake,5
VIC,pasta,3
VIC,persian,3
VIC,peruvian,2
VIC,pies,1
VIC,polish,3
VIC,ramen,4
VIC,regional,26
VIC,russian,1
VIC,salad,2
VIC,sandwich,2
VIC,seafood,22
VIC,south american,1
VIC,spanish,11
VIC,sri_lankan,9
VIC,steak,16
VIC,swiss,1
VIC,taco,1
VIC,taiwanese,5
VIC,thai,198
VIC,tibetan,1
VIC,turkish,20
VIC,uygur,1
VIC,vietnamese,132
VIC,wine,1
VIC,wood_fire_pizza,1
VIC,wrap,1
VIC,yemenite,1
WA,african,1
WA,american,10
WA,australian,2
WA,bagel,1
WA,balinese_fusion,1
WA,bar_and_grill,1
WA,bbq,2
WA,bhutanese,1
WA,bistro,1
WA,breakfast,1
WA,burgers,16
WA,buthanese,1
WA,cafe,5
WA,cajun seafood,1
WA,chicken,26
WA,chicken_parmigiana,1
WA,chicken_rice_and_more_yum,1
WA,chinese,141
WA,chinese_vietnamese,1
WA,curry,1
WA,deli,1
WA,dessert,1
WA,dumpling,1
WA,dumplings,1
WA,fast_food,1
WA,filipino,1
WA,fine_dining,1
WA,fish,2
WA,fish_and_chips,12
WA,french,6
WA,frozen_yogurt,1
WA,german,2
WA,gourmet_burger,1
WA,greek,3
WA,grill,1
WA,iberian,1
WA,ice_cream,1
WA,indian,60
WA,indonesian,3
WA,international,5
WA,irish,1
WA,italian,117
WA,italian_pizza,1
WA,japanese,83
WA,kebab,4
WA,korean,22
WA,lebanese,2
WA,malaysian,6
WA,mediterranean,2
WA,mexican,14
WA,middle_eastern,1
WA,moroccan,3
WA,nepal,1
WA,nepalese,1
WA,noodle,6
WA,noodles,1
WA,pasta,4
WA,pub,1
WA,ramen,8
WA,regional,17
WA,sandwich,3
WA,saudi,1
WA,seafood,10
WA,singaporean,2
WA,snack,1
WA,spanish,6
WA,steak,4
WA,teahouse,1
WA,thai,48
WA,turkish,2
WA,udon,1
WA,venezuelan,1
WA,vietnamese,29
